resume_text,category
"Experienced data scientist with 5 years of expertise in machine learning, statistical analysis, and data visualization. Proficient in Python, R, SQL, and various ML frameworks including TensorFlow and PyTorch. Strong background in predictive modeling, data mining, and creating actionable insights from complex datasets.",Data Scientist
"Senior data analyst specializing in statistical analysis and machine learning. Expert in Python programming, data manipulation with Pandas, and building predictive models. Experienced in A/B testing, experimental design, and communicating results to stakeholders.",Data Scientist
"Full-stack software engineer with 6 years of experience developing scalable web applications. Proficient in JavaScript, React, Node.js, Python, and Django. Expertise in building RESTful APIs, database design, and cloud deployment on AWS.",Software Engineer
"Backend software developer specializing in Python and Java programming. Experienced in microservices architecture, containerization with Docker, and cloud infrastructure. Strong skills in database design, API development, and system optimization.",Software Engineer
"Strategic marketing manager with 7 years of experience in digital marketing, brand management, and campaign optimization. Expert in SEO/SEM, content marketing, social media strategy, and marketing analytics.",Marketing Manager
"Digital marketing specialist focused on growth hacking and user acquisition. Experienced in paid advertising, email marketing, and conversion rate optimization. Skilled in Google Analytics, Facebook Ads Manager, and marketing automation platforms.",Marketing Manager
"Senior HR professional with 8 years of experience in talent acquisition, employee relations, and organizational development. Expert in recruitment strategies, performance management, and HR policy development.",HR Manager
"Human resources specialist focusing on recruitment and employee engagement. Experienced in full-cycle recruiting, onboarding programs, and training development. Skilled in behavioral interviewing techniques, compensation analysis, and diversity initiatives.",HR Manager
"Financial analyst with 4 years of experience in financial modeling, investment analysis, and risk assessment. Proficient in Excel, financial statement analysis, and valuation methodologies.",Financial Analyst
"Investment analyst specializing in portfolio management and financial research. Experienced in analyzing stocks, bonds, and alternative investments. Skilled in risk assessment, asset allocation, and performance reporting.",Financial Analyst
"Product manager with 5 years of experience in product development and lifecycle management. Expert in agile methodologies, user research, and product strategy. Led cross-functional teams to launch successful products.",Product Manager
"Technical product manager focusing on SaaS products and platform development. Experienced in API design, system architecture, and technical requirements gathering. Skilled in translating business needs into technical specifications.",Product Manager
"Sales manager with 6 years of experience in B2B sales and team leadership. Expert in sales strategy, pipeline management, and customer relationship management. Led sales team to consistently exceed targets.",Sales Manager
"Enterprise sales executive specializing in technology solutions and software sales. Experienced in complex sales cycles, contract negotiation, and account management. Skilled in solution selling, value proposition development.",Sales Manager
"UX/UI designer with 4 years of experience creating user-centered digital experiences. Expert in user research, wireframing, and prototyping. Proficient in Figma, Adobe Creative Suite, and design systems.",UX Designer
"Product designer focusing on mobile applications and responsive web design. Experienced in user journey mapping, usability testing, and design thinking methodology. Skilled in interaction design, visual design.",UX Designer
"Business analyst specializing in data analysis and business intelligence. Expert in SQL, Excel, and data visualization tools like Tableau and Power BI. Experienced in creating dashboards and data-driven insights.",Data Analyst
"Financial data analyst with expertise in quantitative analysis and reporting. Proficient in Python, R, and statistical analysis. Experienced in financial modeling, risk assessment, and regulatory compliance.",Data Analyst
"DevOps engineer with 5 years of experience in CI/CD pipelines, infrastructure automation, and cloud deployment. Expert in Docker, Kubernetes, Jenkins, and AWS. Implemented DevOps practices reducing deployment time.",DevOps Engineer
"Site reliability engineer focusing on system performance and uptime optimization. Experienced in monitoring, logging, and incident response procedures. Skilled in automation scripting, capacity planning, and disaster recovery.",DevOps Engineer
"Content creator and copywriter with 4 years of experience in digital content production. Expert in blog writing, social media content, and SEO optimization. Created content strategies resulting in increased organic traffic.",Content Writer
"Technical writer specializing in software documentation and user guides. Experienced in creating clear, concise documentation for complex technical products. Skilled in API documentation, tutorial creation.",Content Writer
"Project manager with 6 years of experience in software development and IT projects. Expert in agile methodologies, risk management, and stakeholder communication. Led projects delivering on time and within budget.",Project Manager
"Construction project manager specializing in commercial building projects. Experienced in project planning, resource allocation, and quality control. Skilled in contract management, safety compliance, and timeline optimization.",Project Manager
"Business analyst with 5 years of experience in process improvement and system analysis. Expert in requirements gathering, process mapping, and stakeholder management. Led process optimization projects.",Business Analyst
"Systems analyst focusing on enterprise software implementations. Experienced in gap analysis, system integration, and user training. Skilled in technical documentation, testing procedures, and change management.",Business Analyst
"Graphic designer with 4 years of experience in brand identity and visual communication. Expert in Adobe Creative Suite, typography, and brand guidelines. Created visual identities for multiple startups and established brands.",Graphic Designer
